Season,Brier,N_Games
2010,0.1848634192241546,64
2011,0.21472563481163232,67
2012,0.2231215115471027,67
2013,0.2152562668111918,67
2014,0.21314560508246055,67
2015,0.18955875248285345,67
2016,0.1770273811347933,67
2017,0.18800263006483842,67
2018,0.19364321326585981,67
2019,0.16528620395043622,67
2021,0.2185751517056394,66
2022,0.22683094360516395,67
2023,0.21716000893092946,67
2024,0.1972460119657288,67
