Season,Brier,N_Games
2010,0.24732505555965578,64
2011,0.27038317745771306,67
2012,0.26568070211381406,67
2013,0.2589069680271529,67
2014,0.23876867484802486,67
2015,0.22378355916817774,67
2016,0.2629918695438701,67
2017,0.20495647140425696,67
2018,0.21574917549333575,67
2019,0.1741799275598991,67
2021,0.25061699908296825,66
2022,0.25725620017879197,67
2023,0.226414352031593,67
2024,0.20433876464503256,67
