Season,Brier,N_Games
2015,0.18955875248285345,67
2016,0.1770273811347933,67
2017,0.18800263006483842,67
