Season,Brier,N_Games
2010,0.18445532543466903,64
2011,0.21454084535606505,67
2012,0.22304311666962442,67
2013,0.21515185820179583,67
2014,0.21320174112566656,67
2015,0.18934533505199116,67
2016,0.17683831112520104,67
2017,0.18773686128962946,67
2018,0.19384915989958135,67
2019,0.1652058500291571,67
2021,0.21855754670299996,66
2022,0.2265113685802994,67
2023,0.21752262701101535,67
2024,0.1971170877784738,67
